id,first_name,last_name,gender,date_of_birth,country_of_birth,email
1,Modestia,Tickle,Female,1989-02-26,1972-05-02,
2,Jermaine,Orange,Male,2013-01-29,1972-05-29,jorange1@google.cn
3,Iorgo,Maliphant,Male,1952-10-15,1990-03-08,imaliphant2@time.com
4,Timmie,Orrin,Male,1994-12-19,2001-08-31,torrin3@live.com
5,Revkah,Gready,Female,1994-04-23,2021-08-17,rgready4@sbwire.com
6,Alexia,Vaughton,Agender,1984-12-15,1981-09-16,
7,Kamilah,Faustin,Female,2014-04-14,1956-03-01,
8,Gregoor,Clemmensen,Male,1983-07-25,1956-03-27,gclemmensen7@de.vu
9,Chloette,Gyurkovics,Female,2005-06-14,1966-10-23,
10,Sven,Behneke,Male,1981-02-21,1962-05-25,sbehneke9@oaic.gov.au
11,Tomi,Kerins,Female,2005-09-10,1996-09-13,tkerinsa@tumblr.com
12,Reinhold,Edmenson,Male,1959-02-22,1997-09-27,redmensonb@reuters.com
13,Consuela,Gommes,Female,2016-05-24,1995-07-05,cgommesc@ucoz.com
14,Scottie,Waggatt,Male,1981-07-19,2017-10-06,
15,Karie,de Keep,Female,2000-01-12,1969-08-03,kdekeepe@theatlantic.com
16,Barrie,Cammacke,Male,1970-05-10,1954-12-13,bcammackef@ezinearticles.com
17,Diarmid,Sturrock,Male,2006-11-13,1971-03-30,dsturrockg@youku.com
18,Elfrieda,Hinrichs,Female,1963-10-23,2010-07-14,
19,Noe,Wallman,Male,1990-03-01,1993-10-19,nwallmani@naver.com
20,Krishnah,Dorricott,Male,1967-03-22,1969-08-12,
21,Grover,Vicary,Male,1969-08-19,2019-07-22,
22,Marketa,Clint,Genderfluid,1981-07-09,1974-07-28,mclintl@diigo.com
23,Sisile,Crofthwaite,Female,1967-12-04,1979-10-17,scrofthwaitem@dagondesign.com
24,Bartholemy,Gartside,Male,2004-04-30,1972-10-22,
25,Mohandas,Standon,Male,2018-07-09,1995-01-28,mstandono@nymag.com
26,Deni,Loram,Female,1954-06-02,1955-07-18,dloramp@timesonline.co.uk
27,Hatty,Bytheway,Female,2014-04-07,1972-08-28,hbythewayq@deliciousdays.com
28,Pyotr,Klee,Male,1982-08-04,1990-12-19,
29,Rozanne,Pettyfar,Female,1974-08-11,1957-04-28,rpettyfars@blogs.com
30,Trace,Klewi,Male,1950-06-19,2021-02-25,tklewit@phpbb.com
31,Sandie,Perez,Female,1969-10-11,1983-02-17,
32,Kessiah,Kestle,Female,2000-01-04,1960-05-03,kkestlev@cbslocal.com
33,Salomo,Pennick,Male,2004-10-23,2023-04-18,
34,Dame,Rozenbaum,Male,1952-01-15,1961-08-18,
35,Austen,Fraczak,Male,1956-03-25,1954-08-17,afraczaky@dagondesign.com
36,Cullie,Sibbering,Male,1963-12-01,2000-02-06,
37,Latia,Binney,Female,2014-11-21,1993-07-11,lbinney10@techcrunch.com
38,Stepha,Knok,Polygender,2001-02-12,1995-01-01,sknok11@ed.gov
39,Pauli,Wickmann,Female,1972-12-10,1957-03-20,pwickmann12@gravatar.com
40,Devinne,Figurski,Female,1960-12-20,1977-09-17,
41,Ilka,Mollatt,Female,1968-04-03,2015-03-14,
42,Oswald,Down,Male,2013-06-14,1974-05-23,
43,Elsey,Yewen,Female,1990-10-18,2012-08-18,
44,Mariel,Debnam,Female,1953-06-07,2010-10-17,mdebnam17@clickbank.net
45,Jeffie,A'Barrow,Male,1983-10-09,1966-06-14,jabarrow18@cdc.gov
46,Clare,Lever,Female,2007-04-08,2003-03-02,clever19@discovery.com
47,Asia,Sheran,Female,1996-01-11,1969-05-18,asheran1a@marketwatch.com
48,Dom,Cockshot,Male,1989-03-03,1973-07-17,dcockshot1b@webmd.com
49,Moore,Bladen,Male,2002-10-20,1992-04-08,mbladen1c@google.it
50,Trevar,Bulch,Male,2000-05-04,1962-09-30,tbulch1d@webs.com
51,Minor,Bowser,Male,1985-04-19,1973-11-20,
52,Abrahan,Betton,Male,1953-08-01,1993-09-20,
53,Creighton,Prettyjohn,Male,1969-03-30,1981-09-12,cprettyjohn1g@macromedia.com
54,Filmer,Beddis,Polygender,1981-11-14,1963-03-12,
55,Charmaine,McElrea,Female,2004-10-11,1953-05-20,
56,Donnie,Gopsill,Female,1959-06-21,1968-05-07,dgopsill1j@cdc.gov
57,Randa,Glendinning,Agender,1975-07-29,2002-04-19,rglendinning1k@sitemeter.com
58,My,Lamb-shine,Male,2021-04-23,1973-10-11,mlambshine1l@pagesperso-orange.fr
59,Redford,Yaknov,Male,2007-09-13,1965-07-05,
60,Neille,O'Looney,Female,1983-07-31,1988-11-21,
61,Nigel,Cartman,Male,1976-10-15,2012-07-18,ncartman1o@nasa.gov
62,Andra,Seston,Female,1990-09-09,2002-02-26,aseston1p@ft.com
63,Vere,Truesdale,Female,2016-04-03,1968-12-21,vtruesdale1q@list-manage.com
64,Marice,Douse,Female,1990-09-23,2016-08-15,mdouse1r@constantcontact.com
65,Vallie,Hutchinges,Female,1954-06-01,1975-08-03,vhutchinges1s@discuz.net
66,Milzie,Wison,Female,1982-09-06,1999-06-16,
67,Hilary,Moncarr,Polygender,1958-09-09,1988-11-27,hmoncarr1u@moonfruit.com
68,Husein,Utterson,Male,2017-08-24,1989-05-14,
69,Carmita,Calyton,Female,1986-08-02,1952-04-11,
70,Galina,Grantham,Female,1962-09-08,2021-03-23,ggrantham1x@cpanel.net
71,Bentley,Zotto,Male,1955-11-08,1961-08-04,bzotto1y@multiply.com
72,Heath,Malpass,Genderqueer,1966-04-22,1963-01-02,hmalpass1z@cdbaby.com
73,Winnie,Whodcoat,Male,1965-07-01,1964-03-15,wwhodcoat20@acquirethisname.com
74,Arda,Corkish,Female,1972-12-04,1982-10-21,acorkish21@cafepress.com
75,Dita,Copeman,Female,1961-08-11,1981-12-17,
76,Fredericka,Middle,Female,1970-10-16,2018-11-08,fmiddle23@purevolume.com
77,Pip,Glenny,Genderfluid,1965-02-05,2010-05-10,pglenny24@ox.ac.uk
78,Paulo,Jirak,Male,2014-01-12,2000-05-23,pjirak25@odnoklassniki.ru
79,Lulita,Simioni,Female,2004-10-10,1987-12-02,lsimioni26@ucla.edu
80,Alfi,Gercken,Polygender,1977-05-26,2013-02-03,
81,Gilburt,Morant,Non-binary,1991-08-08,1965-03-02,
82,Sigismondo,Lafoy,Male,1953-07-01,1993-07-22,slafoy29@desdev.cn
83,Brion,Easdon,Male,2000-05-11,1998-09-28,
84,Lulita,McCluney,Female,2017-02-05,2004-03-22,lmccluney2b@ox.ac.uk
85,Fairleigh,Syne,Male,1955-04-10,1956-09-22,fsyne2c@japanpost.jp
86,Ignacio,Minifie,Male,1950-06-27,1967-08-28,iminifie2d@xrea.com
87,Josefina,Elliss,Female,1974-10-16,1962-07-26,jelliss2e@chicagotribune.com
88,Melicent,Ramstead,Female,1956-03-16,1953-06-09,mramstead2f@trellian.com
89,Xymenes,Pes,Male,2017-02-05,1957-10-31,xpes2g@simplemachines.org
90,Reyna,Cantillon,Female,2003-05-29,2023-03-18,
91,Arlin,Normavill,Genderfluid,2018-06-05,1971-09-22,anormavill2i@discuz.net
92,Marlyn,Spada,Bigender,2001-09-30,1987-07-08,mspada2j@sun.com
93,Zenia,Nunn,Female,2012-08-22,1979-07-14,znunn2k@epa.gov
94,Kaycee,Cranton,Female,1975-08-16,1954-11-13,kcranton2l@npr.org
95,Georgiana,Memmory,Female,1980-04-05,2000-04-24,gmemmory2m@drupal.org
96,Darill,George,Male,2005-10-21,1962-10-04,dgeorge2n@google.ca
97,Lyndsay,Goodbur,Female,1995-12-05,1958-01-08,lgoodbur2o@apache.org
98,Yvon,Biddulph,Male,2000-06-21,1971-05-16,ybiddulph2p@wiley.com
99,Mallissa,Ambroix,Female,1981-12-17,1977-09-23,mambroix2q@feedburner.com
100,Dru,Lambarth,Female,2011-07-26,1985-08-19,
101,Pammie,Ivanisov,Female,2014-04-06,1956-09-11,pivanisov2s@last.fm
102,Asher,Maundrell,Polygender,2003-08-27,2021-09-02,amaundrell2t@soundcloud.com
103,Ian,Bluck,Male,1961-01-15,1984-02-07,ibluck2u@bigcartel.com
104,Sully,Needs,Male,1954-04-17,2020-12-28,
105,Sonnie,Winsbury,Female,1979-02-12,1954-07-20,
106,Romeo,Zorn,Male,1963-07-12,1983-03-27,rzorn2x@tinypic.com
107,Lesya,Sharrier,Female,1986-04-28,1983-05-02,lsharrier2y@imgur.com
108,Gawain,Frensch,Male,2012-05-12,2004-05-19,gfrensch2z@google.com.au
109,Morgen,Frayne,Female,1992-07-20,1987-06-07,mfrayne30@skyrock.com
110,Joyann,Boorn,Female,2000-10-20,1982-05-06,
111,Boot,Druhan,Male,1967-01-28,1967-06-11,
112,Glen,Ferbrache,Male,2018-02-04,2022-11-01,gferbrache33@forbes.com
113,Vonnie,Jacobovitz,Female,2017-05-13,2017-02-07,
114,Eirena,Tomet,Female,1955-10-25,1976-12-23,etomet35@jimdo.com
115,Nicolle,Ourtic,Female,1951-08-18,1982-02-15,nourtic36@scribd.com
116,Janina,Aikett,Female,2013-12-22,1997-11-13,jaikett37@networkadvertising.org
117,Stesha,Swayte,Female,1996-08-28,1991-02-08,sswayte38@trellian.com
118,Judith,Calladine,Female,2010-03-06,2021-07-30,jcalladine39@slideshare.net
119,Reggi,Drewry,Female,1967-02-07,2012-01-08,
120,Floris,Filkov,Female,1987-02-08,1968-03-31,ffilkov3b@gnu.org
121,Ivan,Wilding,Male,1975-09-25,1966-02-03,iwilding3c@wikimedia.org
122,Alexandrina,Herrema,Agender,1966-03-13,2003-05-02,aherrema3d@nyu.edu
123,Armand,Scading,Male,1986-04-28,2007-09-01,
124,Theresita,Fawkes,Female,1973-12-01,1976-05-31,
125,Guglielmo,Ambrosetti,Male,2009-06-20,2004-12-04,gambrosetti3g@wix.com
126,James,Amorine,Male,2006-05-16,1954-11-13,jamorine3h@google.de
127,Kimberli,Haquard,Female,1969-07-22,2014-07-06,khaquard3i@jimdo.com
128,Pierson,Scutts,Male,2009-09-18,1971-10-21,pscutts3j@disqus.com
129,Vasilis,Brandsma,Male,1973-12-08,1964-04-15,vbrandsma3k@alexa.com
130,Pearce,Jallin,Male,1969-12-23,1987-07-08,pjallin3l@google.com.hk
131,Neill,Fleeman,Male,1961-04-17,1993-08-24,nfleeman3m@trellian.com
132,Wake,Boutell,Polygender,1981-06-10,2017-01-02,wboutell3n@senate.gov
133,Hussein,Constable,Bigender,1971-07-26,2009-07-16,hconstable3o@utexas.edu
134,Prisca,Antecki,Female,1998-11-04,1983-08-06,pantecki3p@flavors.me
135,Clemmy,Witcombe,Male,1974-08-18,2001-12-03,
136,Gianna,Gascoigne,Female,1979-11-19,1957-10-31,ggascoigne3r@bbc.co.uk
137,Boyd,Gianneschi,Male,2020-12-23,2002-09-21,bgianneschi3s@a8.net
138,Sydelle,Tait,Polygender,2010-05-30,1995-09-12,
139,Lorry,Laidler,Male,1987-02-12,2015-05-28,llaidler3u@mapquest.com
140,Marylinda,McTeague,Female,1982-06-26,1984-01-30,mmcteague3v@mozilla.com
141,Jackelyn,Bainbridge,Female,1993-05-24,2022-05-13,jbainbridge3w@geocities.jp
142,Martguerita,Blaxley,Female,2002-11-19,2010-10-08,mblaxley3x@earthlink.net
143,Freda,Peoples,Female,1954-05-18,1989-01-24,fpeoples3y@icio.us
144,Jacky,Bisson,Female,1992-05-21,1964-12-05,jbisson3z@berkeley.edu
145,Lesley,Atlee,Female,1996-08-19,1972-09-15,latlee40@webs.com
146,Walker,Goodbarne,Male,1953-12-04,1996-11-04,
147,Jane,Mattei,Female,1979-10-17,1967-10-18,jmattei42@harvard.edu
148,Mark,Huyton,Male,1962-02-18,2010-01-14,
149,Adrienne,Pringour,Female,2003-06-27,1961-02-19,apringour44@canalblog.com
150,Huntlee,Kleinhandler,Male,1990-04-22,1963-01-13,hkleinhandler45@lulu.com
151,Vasilis,Senechault,Male,2020-06-10,1979-09-16,vsenechault46@odnoklassniki.ru
152,Claudetta,Batman,Female,1956-12-18,2006-07-24,
153,Mikey,Swire,Male,1990-08-15,2007-10-20,mswire48@creativecommons.org
154,Cosme,Beat,Male,2018-01-20,1954-08-11,
155,Abdel,Ciardo,Male,2022-09-29,1978-03-30,aciardo4a@1und1.de
156,Guthrie,Ormshaw,Male,1964-07-31,1977-09-25,
157,Aloise,Odger,Female,1978-05-15,1957-10-27,
158,Angeline,Watson-Brown,Female,2011-05-15,2004-12-03,awatsonbrown4d@bing.com
159,Pepi,Siviter,Female,2006-12-08,1977-02-28,
160,Garrek,Freestone,Male,1984-07-15,1950-08-07,gfreestone4f@latimes.com
161,Berton,Fardoe,Male,1955-10-04,1958-08-30,bfardoe4g@answers.com
162,Madeleine,Corgenvin,Female,1979-12-12,1988-02-23,mcorgenvin4h@wiley.com
163,Rudolph,Coggins,Male,1969-12-31,1979-10-16,rcoggins4i@cargocollective.com
164,Crin,Perfect,Female,1959-02-25,1996-05-16,cperfect4j@php.net
165,Kelsi,Benne,Female,1974-01-31,1988-10-29,kbenne4k@weibo.com
166,Perry,Estabrook,Male,1958-11-23,1984-08-11,
167,Malchy,Becraft,Genderfluid,2012-05-16,2012-09-17,
168,Dilan,Verrechia,Male,1953-10-01,2008-12-27,dverrechia4n@google.pl
169,Mickie,Courson,Male,1963-03-31,2006-01-20,mcourson4o@nytimes.com
170,Nolly,Wick,Male,1978-05-24,1984-10-07,
171,Culley,Tann,Male,2006-02-26,1992-08-29,ctann4q@prnewswire.com
172,Jemmie,Powe,Female,1980-10-20,2020-06-11,jpowe4r@dion.ne.jp
173,Frasco,Vallerine,Male,2008-01-12,2010-05-07,
174,Halimeda,Pothergill,Female,2019-11-17,1972-05-19,
175,Marsh,Spuffard,Male,1985-11-25,2012-09-26,mspuffard4u@technorati.com
176,Libbie,Baildon,Genderfluid,1983-08-09,2002-03-03,
177,Xymenes,Giampietro,Male,1961-10-28,1975-08-21,
178,Wynn,Glastonbury,Female,1973-08-31,1988-07-17,wglastonbury4x@studiopress.com
179,Jemimah,Robeson,Female,1996-09-03,1969-09-18,jrobeson4y@privacy.gov.au
180,Jewelle,Rawls,Female,1987-04-13,2002-01-01,
181,Pammi,Norfolk,Female,1959-06-22,1959-03-14,pnorfolk50@de.vu
182,Heall,Fitzsymonds,Male,1966-10-20,2004-05-02,hfitzsymonds51@discovery.com
183,Leo,Minshall,Male,1959-10-04,1984-06-13,lminshall52@php.net
184,Thekla,Farndell,Female,1955-12-26,1973-05-18,tfarndell53@google.com
185,Doyle,Heinig,Male,1958-11-14,1973-05-15,dheinig54@admin.ch
186,Hallsy,Loving,Male,1964-06-19,2022-03-04,
187,Leonidas,Paolazzi,Male,1954-01-06,1950-12-07,lpaolazzi56@un.org
188,Peri,Seawright,Female,1963-12-01,1977-11-28,pseawright57@techcrunch.com
189,Lorne,Barenski,Female,2021-12-04,1998-09-18,lbarenski58@paginegialle.it
190,Kleon,Taks,Male,2008-07-09,1964-10-20,
191,Velvet,Ronci,Female,1961-03-09,2021-04-03,vronci5a@state.tx.us
192,Cly,Aimer,Genderfluid,1977-12-31,1979-02-05,caimer5b@quantcast.com
193,Dore,Addie,Female,1980-08-17,2019-05-21,daddie5c@usatoday.com
194,Catrina,Menel,Female,1956-10-02,1992-06-29,cmenel5d@epa.gov
195,Tito,Hanse,Male,1980-05-07,2023-01-10,thanse5e@sohu.com
196,Luella,Hauxby,Female,1958-07-11,1980-09-15,
197,Beale,Crew,Male,1980-04-15,2003-07-19,
198,Carlynne,Serridge,Female,2020-03-16,1965-04-12,cserridge5h@issuu.com
199,Jena,Lamar,Female,1998-02-18,2015-01-20,
200,Timothy,Vinau,Male,1953-07-06,1958-10-22,tvinau5j@yolasite.com
201,Quincy,McGriffin,Male,2006-04-09,2009-12-05,
202,Carol,De Mitris,Female,1999-07-08,1990-07-04,cdemitris5l@prweb.com
203,Taddeusz,Ranklin,Male,2019-10-18,2020-03-14,tranklin5m@google.cn
204,Renee,Salzberg,Female,2003-10-08,1979-03-27,
205,Jobi,Waldram,Female,1976-11-23,1979-03-16,jwaldram5o@parallels.com
206,Fidela,Powell,Female,2013-10-26,2009-04-13,fpowell5p@npr.org
207,Katheryn,Warry,Female,1999-01-25,1991-06-12,
208,Ric,Alekseev,Male,2003-05-19,2013-06-20,ralekseev5r@dion.ne.jp
209,Dyna,Wolfendale,Female,2006-09-08,1978-04-04,
210,Kaylyn,Tiffin,Female,1967-08-01,2005-03-18,
211,Fina,Brittain,Female,1955-01-03,1953-10-29,fbrittain5u@mediafire.com
212,Madelyn,Robillart,Female,2011-11-17,1987-06-25,mrobillart5v@elegantthemes.com
213,Alair,Lindman,Male,1976-02-22,1951-05-15,alindman5w@wikia.com
214,Joella,Fermer,Female,2009-01-24,1985-03-25,jfermer5x@51.la
215,Pepe,Pardi,Male,1981-10-16,1952-07-02,
216,Kennie,Gardiner,Male,2019-02-04,2008-08-13,kgardiner5z@tamu.edu
217,Karrie,McCready,Female,2021-11-02,1958-12-02,kmccready60@answers.com
218,Merla,O'Malley,Female,2001-05-12,1981-04-21,momalley61@mit.edu
219,Lynsey,Curd,Female,1990-04-10,1976-06-29,lcurd62@amazon.co.jp
220,Leicester,Pahler,Male,1964-10-22,1995-07-01,lpahler63@comcast.net
221,Reynold,McDade,Male,1986-12-14,2003-09-18,rmcdade64@fc2.com
222,Sebastian,Tethacot,Male,2012-12-22,1992-01-09,stethacot65@cnet.com
223,Gabrila,Dyett,Female,2012-11-27,1990-07-27,
224,Danika,Gjerde,Female,1956-10-22,1992-01-21,
225,Izaak,Wilby,Male,2021-09-28,1963-09-30,
226,Rand,Danev,Male,1989-05-22,1958-10-29,
227,Tuck,Unworth,Male,1998-03-08,2018-08-25,
228,Rhodie,Kless,Female,2008-01-20,1965-06-30,rkless6b@reference.com
229,Di,Rudall,Female,1955-11-26,2020-01-30,drudall6c@opensource.org
230,Geno,Wainman,Male,1958-06-20,1955-11-16,gwainman6d@squarespace.com
231,Ivor,Adamiec,Male,1954-09-04,1991-10-07,iadamiec6e@photobucket.com
232,Emmalee,Kissock,Female,1970-10-04,1983-02-04,ekissock6f@bbb.org
233,Mohandis,Blenkharn,Male,1969-01-31,2010-05-06,
234,Susann,Petruskevich,Female,2022-11-28,2007-06-23,spetruskevich6h@gov.uk
235,Lynde,Trask,Female,2012-03-06,1952-12-23,ltrask6i@ox.ac.uk
236,Domenic,Spaight,Male,2015-03-09,1999-06-27,dspaight6j@livejournal.com
237,Bibbye,Ketton,Female,1955-08-15,2010-07-20,bketton6k@columbia.edu
238,Kip,Griss,Male,1953-03-31,1978-06-17,kgriss6l@wikimedia.org
239,Hayyim,Chadband,Male,1958-07-30,1957-03-18,hchadband6m@blog.com
240,Ragnar,Huggen,Male,2007-09-17,1967-12-14,rhuggen6n@apple.com
241,Salome,Clemett,Female,1990-11-08,1968-09-02,
242,Alasdair,Callery,Male,1959-11-21,1997-06-10,
243,Rodolph,Vahey,Male,1985-12-16,1970-02-17,rvahey6q@123-reg.co.uk
244,Marmaduke,Lissimore,Male,2007-10-29,1953-01-10,mlissimore6r@hibu.com
245,Hastings,Tutsell,Male,2001-12-11,2001-01-29,
246,Brewster,Comer,Agender,2021-05-20,1957-05-20,bcomer6t@theglobeandmail.com
247,Ellis,Featenby,Male,2021-01-13,2021-11-25,efeatenby6u@pbs.org
248,Oswell,Schutze,Male,2021-11-25,1962-10-31,oschutze6v@mit.edu
249,Munmro,Nineham,Male,1980-09-17,1983-04-26,mnineham6w@etsy.com
250,Malynda,McCafferty,Polygender,2000-01-14,1993-02-22,
251,Zeke,Witherspoon,Male,2013-02-28,1990-08-25,
252,Kimbell,Armstrong,Male,2022-07-22,1996-09-05,karmstrong6z@shop-pro.jp
253,Claudette,Aberhart,Female,2004-08-14,1986-11-23,
254,Binky,Rochford,Male,2004-06-01,1958-08-14,brochford71@narod.ru
255,Corly,Roxbee,Female,2000-03-08,2021-11-25,
256,Eugenio,Danneil,Male,2008-10-03,2000-02-02,
257,Kim,Le Barre,Female,1967-03-21,1987-06-14,klebarre74@shop-pro.jp
258,Lesley,Hadlington,Female,1956-05-29,1971-10-14,
259,Hedi,Leek,Female,2021-01-22,1994-05-30,
260,Kellsie,Danilchenko,Female,1976-05-02,1994-05-08,kdanilchenko77@nhs.uk
261,Valaree,Tomadoni,Female,2008-03-11,1999-12-12,
262,Jolene,Roch,Female,2013-11-05,1996-03-01,jroch79@nyu.edu
263,Tripp,Culshaw,Male,1953-07-22,2020-01-30,
264,Zollie,Guiden,Male,1987-05-30,1962-11-28,zguiden7b@sourceforge.net
265,Riobard,Rainy,Male,1966-07-07,1981-02-03,rrainy7c@addthis.com
266,Keene,Breagan,Male,1987-11-15,1988-11-30,kbreagan7d@nationalgeographic.com
267,Claudianus,Bazely,Male,1959-10-11,1994-07-24,
268,Mandie,Bodleigh,Female,1956-11-20,1981-03-29,mbodleigh7f@wordpress.com
269,Nils,Biss,Male,1957-08-10,1998-04-24,nbiss7g@netvibes.com
270,Sayer,Newnham,Male,1954-04-10,1956-11-04,snewnham7h@zdnet.com
271,Addie,Brownsea,Female,1990-09-04,1950-10-30,abrownsea7i@usnews.com
272,Brooke,Ruilton,Male,1975-04-14,1998-03-20,bruilton7j@discuz.net
273,Bendite,Bayford,Female,1980-06-14,1980-08-17,bbayford7k@symantec.com
274,Aurelie,Hadlee,Female,2003-07-11,1988-11-25,
275,Bobbie,Hugh,Male,2012-10-23,1954-02-11,bhugh7m@shutterfly.com
276,Boycie,Brumwell,Male,2011-08-26,1958-04-07,bbrumwell7n@typepad.com
277,Julia,Spearman,Female,2022-09-11,1955-11-05,jspearman7o@engadget.com
278,Burnaby,O' Timony,Male,1992-09-01,1964-06-02,botimony7p@sina.com.cn
279,Babette,Nears,Female,1983-08-16,2000-04-24,
280,Si,Standring,Male,1972-09-12,2007-03-27,sstandring7r@about.com
281,Micah,Blount,Male,2018-07-27,2003-06-22,
282,Winnie,Rudyard,Male,1989-02-28,1957-07-09,wrudyard7t@ow.ly
283,Barbabra,Chirm,Female,2002-05-10,1975-11-20,bchirm7u@telegraph.co.uk
284,Claudette,Lattka,Female,1999-06-01,1999-06-20,
285,Aurlie,Crassweller,Female,1983-09-24,2014-08-15,
286,Wynne,Stevenson,Genderqueer,1982-03-13,1964-02-04,wstevenson7x@rambler.ru
287,Jolyn,Newcomen,Female,2011-06-30,1983-02-07,jnewcomen7y@time.com
288,Gregoor,Gronou,Male,2017-08-15,2014-04-19,ggronou7z@usa.gov
289,Lilith,Beauchop,Female,2022-08-27,1979-07-16,lbeauchop80@chronoengine.com
290,Bill,Folks,Genderfluid,2021-07-25,1963-10-20,
291,Anabella,Culross,Female,2018-02-21,2000-06-24,aculross82@amazon.com
292,Michel,Rickesies,Male,2021-02-23,1956-08-25,mrickesies83@wisc.edu
293,Anastassia,Dewsnap,Female,2020-08-01,1978-10-08,adewsnap84@earthlink.net
294,Sibylla,Manach,Non-binary,1990-02-20,1996-05-08,
295,Ellswerth,Aindrais,Male,2023-05-05,1983-07-24,eaindrais86@alexa.com
296,Lonni,Diter,Female,1996-02-22,1959-11-09,lditer87@amazon.de
297,Tova,Elizabeth,Female,1964-04-12,1987-03-03,
298,Julieta,Fargie,Female,2018-03-20,1963-04-08,jfargie89@privacy.gov.au
299,Stan,Lyfe,Male,1976-01-05,1963-03-31,slyfe8a@nature.com
300,Wayland,Sharland,Agender,2013-03-15,1960-04-18,wsharland8b@pbs.org
301,Ave,Dyment,Male,1992-05-22,1963-10-22,adyment8c@eepurl.com
302,Hubie,Ciobotaro,Male,2012-07-17,2003-06-17,hciobotaro8d@columbia.edu
303,Timmie,Boffey,Agender,1992-07-13,1967-11-05,tboffey8e@usgs.gov
304,Tomasine,Harraway,Female,1972-04-03,2008-06-08,tharraway8f@wufoo.com
305,Corilla,Dosdill,Agender,2023-03-07,1980-03-28,cdosdill8g@qq.com
306,Barri,Stang-Gjertsen,Non-binary,1971-10-02,1954-10-29,
307,Rodolph,Stroton,Male,2023-03-05,1961-07-28,rstroton8i@yolasite.com
308,Mellicent,Dew,Female,1953-06-14,1959-11-11,
309,Bartlett,Batman,Male,1953-05-11,2008-11-22,
310,Dacie,Lithgow,Female,1998-12-24,1989-09-18,dlithgow8l@weibo.com
311,Ailyn,Jerrold,Female,2001-06-17,1963-12-01,
312,Reese,Nystrom,Male,2002-06-15,2018-12-31,rnystrom8n@springer.com
313,Carroll,Olenchenko,Female,2008-12-24,1954-09-05,colenchenko8o@fda.gov
314,Quentin,Hurdwell,Female,2015-03-24,1994-03-09,qhurdwell8p@sakura.ne.jp
315,Rhianna,Shuard,Female,1994-02-27,1987-06-10,rshuard8q@princeton.edu
316,Alyss,Ison,Genderqueer,1965-05-19,1954-10-31,
317,Ariana,Garn,Bigender,1999-02-22,2017-02-26,agarn8s@istockphoto.com
318,Corbet,Upham,Male,1961-05-21,1982-03-14,cupham8t@yellowbook.com
319,Merrili,Bollard,Female,1954-09-14,2022-12-24,
320,Gwen,Bliss,Female,1962-10-25,2010-09-06,gbliss8v@smugmug.com
321,Levey,Lisciandro,Male,1957-02-13,1985-08-03,llisciandro8w@forbes.com
322,Roarke,Madison,Male,2017-11-07,1992-02-12,rmadison8x@4shared.com
323,Gerard,Knight,Male,2000-05-17,2003-06-10,
324,Lannie,Ranklin,Male,1971-04-26,1998-05-24,
325,Emanuele,Summersett,Male,2012-09-29,1984-05-29,
326,Ive,Bruhnke,Agender,1993-02-03,1977-08-28,ibruhnke91@over-blog.com
327,Alon,Imesen,Male,1987-09-20,1998-01-07,
328,Modesty,Dummer,Female,1974-04-15,1988-10-05,mdummer93@forbes.com
329,Adiana,Askaw,Female,2012-03-10,2000-06-14,aaskaw94@e-recht24.de
330,Carma,Rattry,Agender,1991-12-14,1955-01-31,crattry95@last.fm
331,Muffin,Allebone,Male,1985-07-24,2005-01-03,mallebone96@domainmarket.com
332,Loreen,Antognazzi,Female,1953-03-04,1995-01-21,
333,Gui,Fullager,Female,1964-01-27,2016-10-18,
334,Theresa,Lydon,Female,2016-07-10,2017-11-01,tlydon99@amazon.co.jp
335,Melosa,Ionnidis,Genderfluid,1972-12-28,1981-09-05,mionnidis9a@cnn.com
336,Sarene,Gerish,Female,1992-03-02,2004-01-13,sgerish9b@netscape.com
337,Verena,McCaughren,Female,1969-09-04,1953-12-18,
338,Hattie,Chamley,Female,1977-03-03,1971-11-15,hchamley9d@tiny.cc
339,Smith,Hamnett,Male,1954-12-01,2009-06-01,
340,Inness,Viegas,Male,1973-10-23,1967-05-12,iviegas9f@theatlantic.com
341,Priscella,Bass,Female,1964-09-21,1989-10-01,pbass9g@theguardian.com
342,Hilde,Capron,Female,2018-05-13,1962-11-26,
343,Delmor,Viscovi,Male,1956-05-18,1955-03-06,dviscovi9i@discovery.com
344,Amaleta,Hambidge,Polygender,1998-09-11,2002-10-28,ahambidge9j@networksolutions.com
345,Tabby,Garza,Female,1976-06-06,2004-04-15,tgarza9k@pinterest.com
346,Michael,Van der Velde,Male,1994-01-31,1957-07-30,mvandervelde9l@phpbb.com
347,Ewart,Glading,Male,1983-05-02,1993-08-14,
348,Adina,Choke,Female,1985-10-17,1958-05-19,
349,Milly,Dudson,Female,2011-12-05,1977-03-17,
350,Gwyn,Remmers,Female,1953-01-29,1972-12-15,gremmers9p@t.co
351,Adah,Kennermann,Female,1962-01-30,1981-07-12,
352,Gail,Longhorne,Female,2015-06-15,1955-01-19,glonghorne9r@networkadvertising.org
353,Lemuel,Readings,Male,1982-08-02,1959-02-25,lreadings9s@mapquest.com
354,Skip,Kevane,Male,2008-08-15,1987-03-06,skevane9t@paginegialle.it
355,Cora,Whitlock,Female,2001-04-18,1975-06-04,
356,Magda,Bruckstein,Female,1969-05-19,2000-07-07,mbruckstein9v@themeforest.net
357,Estele,Sandison,Female,1957-06-24,1968-12-05,esandison9w@4shared.com
358,Raychel,Cooling,Female,1982-04-09,1994-09-05,
359,Gizela,Assante,Female,2009-11-18,2008-02-08,gassante9y@adobe.com
360,Grady,Herculeson,Bigender,1958-06-07,1963-03-30,gherculeson9z@sphinn.com
361,Madelle,Peatman,Female,1963-09-13,1996-07-20,mpeatmana0@pinterest.com
362,Ferdy,Olivella,Male,2006-02-13,1961-08-04,folivellaa1@cocolog-nifty.com
363,Corly,Petrusch,Female,1975-09-15,1996-03-21,
364,Libbi,Howcroft,Female,2008-11-17,1975-11-22,lhowcrofta3@newsvine.com
365,Hollie,Starbuck,Genderfluid,1965-06-09,2014-03-03,hstarbucka4@wikia.com
366,Bradly,Zeal,Male,2003-03-09,2014-10-26,
367,Tyrone,Anderbrugge,Male,1954-05-17,1977-03-16,
368,Egor,Wollen,Male,1970-01-25,1951-05-31,ewollena7@canalblog.com
369,Missy,Moulding,Female,2021-11-16,1988-08-09,mmouldinga8@ning.com
370,Sonnnie,Kittley,Female,1960-11-05,1999-11-22,skittleya9@uol.com.br
371,Shanie,Weymont,Female,2000-09-26,1954-06-27,sweymontaa@hhs.gov
372,Hiram,Mourant,Male,2004-03-10,1992-10-13,hmourantab@comsenz.com
373,Shawn,Thaw,Genderqueer,1964-12-10,1994-02-26,
374,Nickie,Lorenzin,Female,2022-09-26,1981-10-28,nlorenzinad@state.gov
375,Raymund,Edess,Male,2014-11-04,1973-01-13,redessae@meetup.com
376,Damaris,Caberas,Female,1988-04-08,1973-03-03,dcaberasaf@ovh.net
377,Tomkin,Castiello,Male,1977-07-03,2022-06-11,
378,Auberon,McKague,Male,1990-12-05,1966-09-04,
379,Myrta,Sertin,Female,1957-01-03,1967-07-10,msertinai@google.it
380,Brnaby,O'Lochan,Male,2001-12-30,1989-10-30,bolochanaj@prweb.com
381,Petrina,Skain,Female,1992-07-27,2010-11-16,pskainak@nba.com
382,Lulita,McIndrew,Female,2004-10-01,2019-04-30,
383,Marlo,Satchel,Male,1984-01-04,1980-06-30,msatchelam@google.ru
384,Conant,Lanning,Male,2003-01-09,1971-10-15,clanningan@uol.com.br
385,Lorettalorna,Muggleston,Genderfluid,2007-05-21,2015-12-13,lmugglestonao@earthlink.net
386,Keely,Levin,Female,2020-03-28,1970-07-06,klevinap@who.int
387,Arri,Sprey,Male,1983-08-04,1952-07-12,aspreyaq@techcrunch.com
388,Judy,Farlham,Non-binary,1960-10-06,1959-04-29,jfarlhamar@w3.org
389,Marina,McDougald,Female,1965-04-04,1952-08-28,mmcdougaldas@rambler.ru
390,Scotty,Darton,Male,1959-08-27,1981-12-06,sdartonat@cam.ac.uk
391,Sascha,Lawton,Male,1961-08-19,1973-02-20,slawtonau@answers.com
392,Flossi,Clampton,Female,2018-12-24,1968-01-29,
393,Alleyn,MacPhee,Male,1958-11-15,2007-12-08,
394,Marje,Karchewski,Female,2018-09-16,2005-03-19,mkarchewskiax@ca.gov
395,Kahaleel,Vaan,Male,2013-10-16,1955-04-04,kvaanay@lulu.com
396,Roselia,Elloway,Female,2003-12-19,1998-12-30,
397,Farr,Barbie,Male,1982-06-14,1975-03-03,fbarbieb0@hexun.com
398,Holly-anne,Charville,Bigender,1994-12-05,1953-06-26,
399,Guillaume,Paddefield,Male,2000-06-13,2004-10-23,gpaddefieldb2@hugedomains.com
400,Illa,McWilliams,Female,1958-08-29,1986-10-08,
401,Aubrie,Bazek,Female,2011-05-02,2013-08-02,abazekb4@mysql.com
402,Selie,Attwool,Agender,1978-07-12,1967-01-13,
403,Fionna,Cockland,Female,2007-01-12,1981-09-12,fcocklandb6@tripadvisor.com
404,Deirdre,Smidmore,Non-binary,1975-08-25,1978-12-24,
405,Angil,Chisnall,Female,1961-12-17,1962-12-09,
406,Cherianne,Regorz,Female,1954-05-20,1987-03-31,cregorzb9@youku.com
407,Agnola,Davey,Female,1991-10-29,1971-02-07,
408,Palmer,Russam,Male,2009-09-17,1966-03-14,prussambb@nature.com
409,Cathrin,Severwright,Female,1987-06-20,2013-12-11,
410,Mandi,Willshear,Female,2012-01-20,1960-05-25,mwillshearbd@guardian.co.uk
411,Jerry,Deerness,Female,1998-01-08,1995-05-22,
412,Roobbie,Cyster,Female,1993-10-12,1959-08-05,
413,Vincents,Breewood,Genderfluid,1976-04-15,1991-08-18,vbreewoodbg@uiuc.edu
414,Borg,Dumsday,Male,1958-05-22,2010-02-15,
415,Renelle,Bestall,Female,1998-05-15,1960-10-12,
416,Elliot,Letson,Male,1983-03-10,2015-05-17,
417,Artemas,Antonopoulos,Male,1979-04-11,1952-05-02,aantonopoulosbk@cnbc.com
418,Stuart,Johnsey,Male,1986-08-09,2017-07-17,
419,Devin,Antonacci,Male,2003-12-21,1956-07-11,dantonaccibm@google.it
420,Holt,Gomer,Non-binary,2003-02-26,1959-12-08,
421,Catlin,Wickling,Female,2001-10-14,2015-07-10,cwicklingbo@bbc.co.uk
422,Helaina,Hedan,Female,1955-04-22,1961-06-30,
423,Gabriela,Squirrell,Female,2021-06-19,1950-12-23,gsquirrellbq@nifty.com
424,Reinaldos,Hagwood,Male,2007-06-10,1950-10-23,rhagwoodbr@umich.edu
425,Blythe,Dakin,Female,1958-07-15,1967-07-13,bdakinbs@illinois.edu
426,Tadeo,Reeder,Male,1976-09-16,1990-10-29,treederbt@latimes.com
427,Waneta,O'Heffernan,Female,1970-11-02,2008-04-04,
428,Hedvig,Bentje,Female,2016-04-08,2018-04-19,hbentjebv@ed.gov
429,Ruttger,Pagnin,Genderqueer,1973-12-13,1987-11-13,rpagninbw@geocities.com
430,Adelind,Couper,Female,2011-11-15,1950-12-25,
431,Ronny,Seely,Male,1995-05-22,2000-10-28,rseelyby@sitemeter.com
432,Oates,Dumbellow,Male,1990-06-07,1959-07-27,
433,Donelle,Sommerland,Female,2017-01-02,1981-03-11,dsommerlandc0@umn.edu
434,Horacio,Schustl,Male,1995-05-26,2006-02-04,hschustlc1@nature.com
435,Christoper,Haggart,Male,2010-09-26,1972-06-27,chaggartc2@omniture.com
436,Sybilla,Hills,Female,1955-08-26,1951-07-05,shillsc3@youku.com
437,Giacobo,Deesly,Male,1998-05-15,1996-05-04,gdeeslyc4@home.pl
438,Morna,Peskin,Non-binary,1968-05-08,1960-10-03,mpeskinc5@ibm.com
439,Kelvin,Burnep,Male,1955-11-02,1960-11-09,kburnepc6@pagesperso-orange.fr
440,Leon,Gutans,Male,1970-06-14,2016-04-26,lgutansc7@unesco.org
441,Urban,Quantrill,Male,1978-07-16,2004-11-08,
442,Selene,Sier,Female,2009-04-01,1955-08-08,ssierc9@dedecms.com
443,Anny,Gillings,Female,2000-05-10,2001-06-09,agillingsca@wiley.com
444,Clari,Castilljo,Female,1963-03-26,1990-03-21,
445,Rosie,Warstall,Female,1953-10-03,1952-12-14,rwarstallcc@timesonline.co.uk
446,Walt,Coulton,Male,1996-10-20,2021-11-23,wcoultoncd@chron.com
447,Adrea,Dovey,Female,1979-10-30,2022-08-27,adoveyce@list-manage.com
448,Ky,Bridie,Male,1968-09-30,1978-10-28,kbridiecf@hhs.gov
449,Trisha,Durston,Female,1968-12-10,1975-10-27,
450,Bertram,Rawe,Male,1952-04-21,1973-01-05,brawech@epa.gov
451,Fabien,Pfeifer,Male,1958-03-17,1972-08-05,fpfeiferci@tuttocitta.it
452,Harry,Azam,Bigender,2022-07-08,1971-06-19,hazamcj@wikipedia.org
453,Tatum,Guinnane,Female,2014-07-22,2023-01-11,tguinnaneck@mapy.cz
454,Malissia,Peltzer,Female,1970-11-07,1994-06-21,mpeltzercl@blog.com
455,Duffie,Loddon,Male,2004-02-22,1952-01-05,dloddoncm@dedecms.com
456,Constantine,Durran,Male,1999-09-15,1959-06-24,cdurrancn@ucla.edu
457,Eolanda,Noddle,Bigender,1982-04-10,2019-01-17,
458,Alfredo,Roxburgh,Male,1975-11-05,1996-08-12,
459,Licha,Gloves,Female,1960-02-03,1985-06-12,
460,Darcee,Brader,Female,1959-04-24,2012-01-24,
461,Stephan,Winston,Male,1963-10-10,1963-07-31,
462,Lucio,Fenwick,Male,2021-06-01,1992-08-10,
463,Miles,Hruska,Male,2006-09-07,2021-08-28,mhruskacu@tamu.edu
464,Jacqueline,Sharp,Female,1994-06-07,2018-10-26,
465,Tory,Arkill,Female,2011-05-01,1993-08-06,tarkillcw@nationalgeographic.com
466,Marty,Petriello,Male,1964-05-12,2012-05-23,
467,Jules,Ricci,Bigender,1977-04-24,2003-01-06,jriccicy@friendfeed.com
468,Richart,Cars,Male,1981-11-28,1964-02-04,rcarscz@harvard.edu
469,Charmine,Reffe,Agender,2014-03-15,2019-06-11,creffed0@smugmug.com
470,Lilas,Speller,Female,2011-08-13,2023-05-22,lspellerd1@abc.net.au
471,Romeo,Saffe,Male,1998-08-19,1992-05-09,rsaffed2@slate.com
472,Briny,Burdett,Female,2007-11-03,2019-05-30,bburdettd3@wikia.com
473,Allegra,Jessep,Female,1969-02-27,1987-04-29,
474,Carleen,McAllaster,Female,2003-01-23,1956-10-24,cmcallasterd5@wisc.edu
475,Sargent,Ezele,Male,1980-08-15,1988-12-12,sezeled6@theguardian.com
476,Aloisia,Fishbie,Female,1961-07-23,2021-10-11,
477,Silvan,De Gowe,Male,2003-04-11,1980-08-08,sdegowed8@pen.io
478,Alecia,Guise,Female,2021-04-23,2008-09-15,aguised9@4shared.com
479,Karylin,Cousens,Female,1974-05-24,1998-02-07,kcousensda@typepad.com
480,Bryon,Batie,Male,1989-04-29,1989-09-10,bbatiedb@indiegogo.com
481,Hercules,Croydon,Male,2022-01-28,1987-09-25,hcroydondc@ibm.com
482,Laverna,Poynter,Female,2009-06-18,2010-07-04,lpoynterdd@ftc.gov
483,Shem,Fyrth,Male,1987-10-17,1961-04-24,sfyrthde@google.co.jp
484,Dalis,Habercham,Bigender,1995-06-27,2019-09-22,dhaberchamdf@google.nl
485,Gerardo,Skacel,Male,2006-10-12,1970-07-24,
486,Tracy,Cucuzza,Male,1992-12-03,1973-11-01,tcucuzzadh@artisteer.com
487,Isak,Dearlove,Bigender,1969-03-07,2006-10-19,idearlovedi@howstuffworks.com
488,Wally,Norvel,Agender,1983-10-01,2003-04-07,wnorveldj@dmoz.org
489,Viviana,Coppledike,Bigender,1955-01-08,1964-08-30,vcoppledikedk@oracle.com
490,Viole,Kearsley,Female,2001-07-28,1986-11-25,vkearsleydl@instagram.com
491,Kettie,Ivanikhin,Female,2009-03-21,2005-07-27,kivanikhindm@sciencedirect.com
492,Rube,Grimley,Agender,1975-12-07,1994-12-30,
493,Lind,Huygens,Female,1975-11-07,2011-10-16,
494,Elvin,Sorley,Male,1977-11-25,1969-10-05,esorleydp@stanford.edu
495,Allard,Pieterick,Male,1981-11-23,2021-09-25,apieterickdq@lycos.com
496,Dulci,Maurice,Female,2022-03-01,1958-12-09,dmauricedr@answers.com
497,Leonanie,Woolsey,Female,1997-08-25,1961-05-22,lwoolseyds@yelp.com
498,Layne,Kopec,Female,1960-12-27,1958-05-12,lkopecdt@senate.gov
499,Caryn,Riccioppo,Female,1982-06-11,2000-06-05,
500,Fleming,Michin,Male,1966-10-18,1980-03-21,fmichindv@wix.com
501,Cilka,Surphliss,Female,1952-03-22,1982-07-27,
502,Carolyn,Gauden,Female,1972-08-21,1979-07-21,cgaudendx@prlog.org
503,Lyell,Grimley,Male,2017-11-30,2013-05-02,lgrimleydy@blinklist.com
504,Isabeau,De Brett,Female,1993-11-29,1995-09-04,idebrettdz@i2i.jp
505,Burton,Watting,Male,1981-09-24,1989-07-25,bwattinge0@wordpress.org
506,Penelopa,Deeley,Female,2017-01-07,2008-10-26,pdeeleye1@last.fm
507,Tiphany,Theuff,Female,1984-04-15,1975-05-06,
508,Clement,Bartholat,Male,1988-03-06,1954-11-08,cbartholate3@so-net.ne.jp
509,Therese,McCaighey,Female,1972-07-19,1978-07-27,tmccaigheye4@themeforest.net
510,Windy,Marzele,Female,1968-09-21,1988-02-04,wmarzelee5@wufoo.com
511,Malvina,Cookson,Female,1986-07-26,1966-03-06,
512,Vivia,Stanbrooke,Female,1977-04-13,1998-12-01,vstanbrookee7@issuu.com
513,Brittan,Dyneley,Female,1965-10-24,2007-11-27,bdyneleye8@buzzfeed.com
514,Alexi,Runnett,Female,1985-07-12,1959-08-30,arunnette9@dion.ne.jp
515,Rebekkah,Gooms,Female,2021-02-20,1969-09-02,rgoomsea@163.com
516,Wilfrid,Manson,Male,1983-07-20,1961-09-13,
517,Klement,Charrette,Male,1982-05-29,2013-02-23,kcharretteec@bandcamp.com
518,Rosanna,Bartolomieu,Female,1968-08-02,1979-05-05,
519,Gerik,Sydenham,Male,2019-02-08,1971-09-02,gsydenhamee@acquirethisname.com
520,Cherey,Keher,Female,1953-10-02,2009-06-26,ckeheref@yelp.com
521,Petronia,Bacup,Female,2018-11-17,1986-10-31,pbacupeg@networkadvertising.org
522,Fidel,Pantin,Male,1950-07-18,1972-05-08,
523,Leticia,Vardey,Female,1979-05-27,2015-10-30,lvardeyei@ted.com
524,Lambert,Boness,Male,2012-10-16,1968-02-01,
525,Morgan,Verdey,Male,1960-06-07,1992-05-06,
526,Suzanne,Coote,Female,1954-10-13,2002-08-27,scooteel@infoseek.co.jp
527,Elvina,Nolot,Female,1993-03-03,2014-02-28,enolotem@imdb.com
528,Kelly,Burgh,Male,1953-05-03,1971-09-19,kburghen@woothemes.com
529,Spencer,Tommasuzzi,Male,1988-11-27,1985-07-03,stommasuzzieo@ezinearticles.com
530,Esdras,Jerratsch,Male,2005-03-02,2000-08-10,ejerratschep@youku.com
531,Izak,Catcheside,Male,1960-04-30,1974-01-29,
532,Ethelred,McPhilemy,Male,1960-12-17,1982-07-04,
533,Dedra,Seago,Female,1956-03-04,1962-01-16,
534,Sal,Mildmott,Male,1968-12-09,1984-02-03,
535,Giraldo,Sharville,Male,1986-02-25,1957-09-19,gsharvilleeu@nps.gov
536,Ginelle,Gerald,Bigender,1997-08-19,1975-06-02,ggeraldev@mac.com
537,Quentin,Cordelle,Genderqueer,1970-04-18,1974-01-09,qcordelleew@earthlink.net
538,Kacey,Gateley,Agender,2004-03-28,2013-09-18,kgateleyex@ezinearticles.com
539,Giulietta,Shawyer,Female,2010-04-09,1991-05-11,gshawyerey@opensource.org
540,Chryste,Moyler,Female,1996-12-20,2023-02-08,
541,Robers,Waldocke,Male,1986-08-26,1999-08-08,rwaldockef0@unblog.fr
542,Kelby,McGriffin,Male,1974-02-10,1965-03-02,
543,Richart,Sargant,Male,1971-10-16,1974-03-03,rsargantf2@themeforest.net
544,Dwain,Iowarch,Male,1964-09-15,1994-12-10,diowarchf3@nps.gov
545,Stacia,Jiruch,Female,1969-06-26,1970-03-22,sjiruchf4@jugem.jp
546,Lou,Hubbucks,Female,2002-02-20,1966-08-02,lhubbucksf5@123-reg.co.uk
547,Marna,Dobrowlski,Female,1966-04-28,1986-01-29,
548,Wit,Maasz,Male,2014-03-08,1975-07-17,wmaaszf7@indiatimes.com
549,Nicolais,Klinck,Male,1976-05-15,1973-04-29,nklinckf8@bigcartel.com
550,Lonnie,Robbs,Male,1981-06-02,1957-03-14,
551,Taite,Kunzler,Male,2017-04-30,1978-11-29,tkunzlerfa@latimes.com
552,Tynan,Swaile,Male,1969-02-10,1959-07-21,tswailefb@lycos.com
553,Tova,Craigie,Polygender,1968-07-06,1999-10-26,tcraigiefc@google.nl
554,Bettye,McCarry,Female,1990-12-27,1986-06-08,bmccarryfd@cdbaby.com
555,Lea,Selwin,Female,1983-04-28,2001-12-10,
556,Mariette,Kohlerman,Female,1965-06-13,1957-04-03,
557,Everett,Galliard,Male,1969-10-17,2013-03-27,egalliardfg@unc.edu
558,Cordie,Ivy,Male,1998-02-19,1953-02-11,civyfh@cbc.ca
559,Jasen,Heinig,Male,2022-04-09,1990-11-27,jheinigfi@hp.com
560,Britt,Valenta,Genderfluid,2018-07-31,2006-03-30,bvalentafj@springer.com
561,Lorna,Addicote,Female,2005-12-10,1958-12-13,laddicotefk@1und1.de
562,Maxi,McKiddin,Female,2005-12-27,1982-06-28,mmckiddinfl@va.gov
563,Worden,Boyland,Male,2022-12-15,1991-07-15,wboylandfm@examiner.com
564,Zandra,Osment,Female,1993-06-06,1971-03-26,zosmentfn@ibm.com
565,Hanson,Ramsell,Male,1987-05-16,2013-11-16,
566,Matteo,Staynes,Bigender,1954-06-28,2007-07-14,mstaynesfp@rambler.ru
567,Sloan,Mournian,Male,2005-10-15,1974-06-24,smournianfq@unesco.org
568,Haydon,Juliff,Male,1995-12-22,2017-11-03,hjulifffr@ftc.gov
569,Ailis,Ixor,Female,1954-12-21,1991-03-12,
570,Justino,Fowls,Male,1982-01-06,1983-08-14,
571,Marielle,Szymanek,Female,1957-02-28,1992-06-02,
572,Eleen,Spinola,Female,1962-05-24,2019-11-24,
573,Gilli,Challiss,Female,1957-05-14,1996-02-29,
574,Cecelia,Langhor,Female,1996-07-26,2005-06-23,
575,Marni,Harpur,Female,1999-05-19,2017-09-27,
576,Jervis,O'Bradane,Male,1967-01-23,2014-10-03,jobradanefz@nydailynews.com
577,Dyanna,Stiling,Female,1956-07-03,2016-07-03,dstilingg0@livejournal.com
578,Idaline,Ruddom,Female,1956-06-22,1951-04-15,
579,Adolph,Stoffer,Polygender,1969-04-17,1996-06-04,
580,Marjory,Bradden,Female,1995-07-20,1951-12-10,mbraddeng3@edublogs.org
581,Germain,Bevens,Female,1984-10-05,1968-02-16,gbevensg4@baidu.com
582,Olia,Bedrosian,Female,1954-03-24,1965-03-25,obedrosiang5@thetimes.co.uk
583,Ario,Calveley,Male,1959-02-09,1985-12-25,acalveleyg6@dropbox.com
584,Mendy,Rawnsley,Male,1986-01-04,1981-08-28,
585,Orly,Denniss,Female,1990-07-25,1973-04-06,odennissg8@oakley.com
586,Haskell,Luberto,Male,1985-08-13,2016-04-25,hlubertog9@weibo.com
587,Josephina,Mountney,Female,1967-12-07,1962-07-03,jmountneyga@latimes.com
588,Wenona,McNelly,Female,1968-10-04,1997-03-31,wmcnellygb@ask.com
589,Seward,McKinnon,Male,1959-05-25,1996-08-02,smckinnongc@github.com
590,Hadlee,Colloby,Male,2020-03-11,2016-10-01,hcollobygd@weather.com
591,Hunter,Dawidman,Genderqueer,1958-12-11,1971-05-22,
592,Akim,Willimot,Male,1956-02-19,1954-09-14,awillimotgf@domainmarket.com
593,Juliana,Guard,Female,2010-01-28,1994-09-22,jguardgg@gravatar.com
594,Boyce,Ugoletti,Male,2010-08-10,2010-09-19,
595,Clim,Craik,Male,1980-07-12,1987-08-30,
596,Wells,Mazzilli,Male,1965-04-07,1955-11-12,wmazzilligj@nhs.uk
597,Abran,Keenleyside,Genderfluid,2013-11-06,1972-09-30,akeenleysidegk@sohu.com
598,Guss,Nodin,Male,1984-03-25,2013-03-30,gnodingl@google.fr
599,Barny,Gilbody,Male,1982-10-24,2017-11-23,bgilbodygm@craigslist.org
600,Robinette,Witheridge,Female,1995-12-07,1976-12-03,
601,Dennie,Olensby,Bigender,1963-06-22,2007-05-28,
602,Patrizio,Got,Male,1984-02-02,1968-10-11,pgotgp@istockphoto.com
603,Gabriela,Dowbiggin,Female,1956-12-27,1975-05-23,gdowbiggingq@netscape.com
604,Myron,Pughsley,Male,1982-08-16,1977-02-03,
605,Jamey,Schaben,Male,1965-08-02,1976-06-13,jschabengs@oaic.gov.au
606,Tim,Wyer,Male,2015-11-01,2012-11-30,
607,Jeno,Keates,Male,2011-05-26,1980-12-27,jkeatesgu@fastcompany.com
608,Claresta,Stenner,Female,1961-06-04,1986-04-09,
609,Roze,Pile,Female,1982-08-04,2017-07-25,rpilegw@naver.com
610,Jarrett,Artingstall,Male,2004-07-29,2022-04-30,jartingstallgx@seesaa.net
611,Esmaria,Esby,Female,2007-06-01,1970-02-22,
612,Dreddy,Cockin,Female,1959-01-11,1988-07-10,dcockingz@google.nl
613,Rochella,Hake,Female,2004-12-15,1982-04-26,rhakeh0@constantcontact.com
614,Kirk,Thrush,Male,1954-03-03,1987-03-25,kthrushh1@ebay.co.uk
615,Abramo,Scholig,Male,1958-08-03,2001-04-05,ascholigh2@about.com
616,Martita,Shalloe,Female,2007-07-10,1973-07-10,mshalloeh3@hugedomains.com
617,Charlean,Tolumello,Non-binary,1955-04-08,1964-07-23,ctolumelloh4@oracle.com
618,Heddi,Southam,Female,2013-02-21,1972-07-11,
619,Wilden,Halfhyde,Male,1996-07-16,2012-02-14,whalfhydeh6@barnesandnoble.com
620,Tamara,Chaloner,Female,2021-04-07,2014-02-24,tchalonerh7@symantec.com
621,Guillaume,Durand,Male,1996-01-09,2005-04-06,gdurandh8@sciencedaily.com
622,Thelma,Salatino,Female,2022-11-01,2019-08-07,tsalatinoh9@mayoclinic.com
623,Noella,Bilbey,Female,1987-03-10,1965-09-22,
624,Ambrosio,Duffell,Male,2019-12-22,1973-09-02,
625,Tod,Simonutti,Bigender,2017-06-07,2010-06-20,tsimonuttihc@google.ru
626,Dunc,Harrisson,Male,1988-01-14,2015-06-12,dharrissonhd@vkontakte.ru
627,Gilemette,Aldwich,Female,1958-05-23,1982-11-12,galdwichhe@constantcontact.com
628,Alexine,Bickerdyke,Female,1964-08-11,1962-11-09,abickerdykehf@blogtalkradio.com
629,Koressa,Beedham,Female,1980-11-08,2003-07-26,kbeedhamhg@dell.com
630,Pernell,Scoyne,Male,1956-07-06,1986-01-01,
631,Harley,Dallison,Female,1985-12-18,1963-10-25,hdallisonhi@utexas.edu
632,Myrah,Gravestone,Female,1992-09-02,2014-10-12,mgravestonehj@mediafire.com
633,Lurline,Broadwell,Female,1991-12-10,2002-06-10,
634,Leona,Pesselt,Female,2001-03-26,1988-01-13,lpesselthl@nbcnews.com
635,Gertie,Sygrove,Female,1958-12-14,1970-03-21,gsygrovehm@miitbeian.gov.cn
636,Georgie,Stocky,Non-binary,1986-10-10,1995-01-06,gstockyhn@ezinearticles.com
637,Rudolf,Suggey,Polygender,1971-12-07,1985-12-09,rsuggeyho@discuz.net
638,Ingmar,Parlott,Male,2015-10-23,1978-01-09,iparlotthp@sciencedaily.com
639,Dev,Rummer,Male,1959-07-30,1964-12-18,
640,Norbert,Bernhardsson,Male,1999-01-02,2003-09-18,
641,Holden,Carmichael,Male,2005-06-23,1989-01-10,hcarmichaelhs@cmu.edu
642,Claudia,Djurevic,Female,2012-08-01,1958-02-09,cdjurevicht@irs.gov
643,Cybil,McNickle,Female,2014-07-17,1952-09-16,cmcnicklehu@photobucket.com
644,Curcio,Davies,Male,1983-11-13,1972-03-20,
645,Denys,Fusedale,Polygender,1984-10-23,1973-11-15,dfusedalehw@harvard.edu
646,Ara,Derisley,Male,2004-07-21,1993-04-03,aderisleyhx@booking.com
647,Nicole,McCaskell,Female,1998-04-18,1998-05-28,
648,Skell,Fiorentino,Male,1954-03-09,1973-03-25,sfiorentinohz@etsy.com
649,Lance,Rubica,Male,1985-06-07,1959-01-19,lrubicai0@phoca.cz
650,Warren,Mc Pake,Male,2018-11-29,1997-08-25,wmcpakei1@elegantthemes.com
651,Joey,Girardeau,Female,1969-05-22,2007-05-12,
652,Shayne,Sim,Male,1987-08-27,1999-02-07,
653,Bren,Daniau,Male,1959-10-15,2013-08-24,bdaniaui4@epa.gov
654,Jeremie,Eicke,Male,1950-10-08,1956-12-18,jeickei5@digg.com
655,Edvard,Boss,Male,2001-03-09,1959-09-23,ebossi6@sina.com.cn
656,Reuben,Cortnay,Male,2007-09-22,2001-02-13,rcortnayi7@free.fr
657,Claudell,Kulvear,Male,1977-11-20,1980-08-25,ckulveari8@nps.gov
658,Kyla,Grishelyov,Female,1968-06-14,1988-04-13,
659,Gan,Roof,Male,2011-01-29,1996-11-13,groofia@over-blog.com
660,Adolphus,Balke,Male,1974-05-14,2009-07-12,abalkeib@a8.net
661,Nickie,Rylstone,Female,1961-04-27,1990-12-27,
662,Zenia,Clemmensen,Female,1994-11-21,1968-03-05,
663,Brigida,Edmed,Female,1997-02-26,2000-12-30,bedmedie@house.gov
664,Kaiser,Brendel,Male,2018-10-06,2001-08-30,kbrendelif@reference.com
665,Maynord,Tumilty,Male,1964-03-20,1979-02-24,mtumiltyig@dyndns.org
666,Odele,Hugill,Female,1997-08-03,2013-03-12,ohugillih@cdc.gov
667,Elsa,McLernon,Female,2017-07-23,2014-10-29,emclernonii@wufoo.com
668,Culley,Paulucci,Male,2017-01-02,2013-04-14,
669,Jinny,Bullin,Female,1988-03-14,1973-01-02,jbullinik@state.gov
670,Somerset,Cowans,Genderqueer,1988-05-22,1953-10-09,
671,Samantha,Prazor,Female,1966-08-30,2013-07-10,sprazorim@globo.com
672,Aldis,Malin,Male,1996-09-20,1980-07-12,amalinin@loc.gov
673,Courtnay,Alliband,Female,1969-09-22,1977-05-21,callibandio@pen.io
674,Sibley,Duly,Female,1980-10-16,1960-03-20,sdulyip@geocities.com
675,Viviene,Prium,Female,2012-04-17,1988-10-01,vpriumiq@sfgate.com
676,Larine,Bosley,Female,1957-01-12,2012-04-16,lbosleyir@tamu.edu
677,Carolan,Jorger,Female,2005-10-26,1994-12-25,
678,Jojo,Gillyett,Female,2006-03-02,1998-07-02,jgillyettit@economist.com
679,Kristofor,Harness,Male,1978-03-05,2023-03-21,kharnessiu@hibu.com
680,Emelyne,Seamen,Female,1978-08-22,1998-07-14,eseameniv@t.co
681,Janina,Ipsgrave,Female,2011-05-28,1954-09-05,jipsgraveiw@tripadvisor.com
682,Candra,Youngman,Female,1981-05-21,2008-12-01,cyoungmanix@virginia.edu
683,Cyndi,Beauly,Female,1987-10-02,1977-12-28,cbeaulyiy@privacy.gov.au
684,Frederic,Leser,Male,2015-06-05,1981-09-14,fleseriz@un.org
685,Yancy,Etherton,Male,1991-10-26,2014-11-04,
686,Lauritz,Bartolomeotti,Non-binary,1959-03-04,1985-11-29,lbartolomeottij1@multiply.com
687,Rasla,Smitheman,Female,1981-06-09,1971-12-10,rsmithemanj2@oracle.com
688,Rora,Godlee,Female,1962-05-06,2000-12-22,
689,Ramsey,McGroarty,Male,1970-10-21,2002-01-14,
690,Larissa,Bourgaize,Female,1995-12-03,1954-05-31,lbourgaizej5@so-net.ne.jp
691,Crichton,Pankhurst.,Genderfluid,2015-02-08,1984-07-05,cpankhurstj6@omniture.com
692,Monique,Basini-Gazzi,Agender,1992-10-28,1965-02-17,mbasinigazzij7@wikispaces.com
693,Rikki,Butrimovich,Female,2002-08-09,1965-01-25,rbutrimovichj8@dion.ne.jp
694,Maryjane,Colloby,Bigender,1986-05-09,2020-08-12,
695,Chilton,Yallop,Bigender,1959-12-14,1992-11-01,cyallopja@icio.us
696,Dennison,Puttergill,Male,1955-03-16,2005-01-08,
697,Cherie,Jurkiewicz,Female,1951-03-06,1976-05-31,cjurkiewiczjc@netlog.com
698,Clementia,Goskar,Agender,2000-04-23,1975-06-06,cgoskarjd@hao123.com
699,Goldarina,Govey,Female,1964-08-18,2008-06-13,ggoveyje@hexun.com
700,Adrienne,Szwarc,Female,1975-02-21,2018-02-12,
701,Ravid,Venning,Male,1957-01-24,2014-04-13,
702,Josephina,Slyman,Female,2015-10-25,1997-08-09,
703,Brandyn,Klimkowski,Male,1990-08-11,1957-09-09,
704,Ardelia,McCloy,Female,1959-10-04,2018-11-14,amccloyjj@t-online.de
705,Grover,Duck,Male,1966-07-29,1989-11-30,gduckjk@diigo.com
706,Gerti,Thirlwall,Female,1975-09-17,1999-07-14,
707,Datha,Rolfi,Female,1952-01-12,1954-09-19,drolfijm@4shared.com
708,Sheryl,Long,Female,2012-06-28,1975-01-05,slongjn@mail.ru
709,Fayette,Gooderidge,Female,2014-07-26,1967-02-22,
710,Giles,Dovidian,Male,1983-11-20,2014-01-23,gdovidianjp@fotki.com
711,Winnah,Chesterman,Female,1950-08-04,2022-02-12,wchestermanjq@exblog.jp
712,Peyton,Sivill,Male,1992-03-07,2014-08-28,psivilljr@topsy.com
713,Moe,Dunsire,Male,1980-06-03,1957-10-24,mdunsirejs@oakley.com
714,Barnaby,Ashlee,Male,2001-07-14,1962-07-28,bashleejt@example.com
715,Brendis,Surmeir,Male,2000-12-11,1981-06-22,
716,Cy,Popelay,Genderfluid,2014-01-15,1961-04-06,cpopelayjv@cafepress.com
717,Winonah,Barnshaw,Female,2012-06-02,2016-11-16,wbarnshawjw@icq.com
718,Reade,Hazley,Male,1997-04-03,1993-04-03,rhazleyjx@shinystat.com
719,Aprilette,Huggett,Female,2014-06-11,1971-05-31,
720,Auria,Prattington,Female,1964-08-31,1992-01-30,
721,Gerik,Vahey,Male,1955-02-24,1989-09-01,gvaheyk0@dropbox.com
722,Pasquale,Hewson,Male,2006-05-22,2013-12-16,phewsonk1@huffingtonpost.com
723,Mortimer,Caswall,Male,1969-07-05,1994-05-25,mcaswallk2@zdnet.com
724,Toby,Babbidge,Female,2022-06-15,2011-09-29,tbabbidgek3@huffingtonpost.com
725,Durant,Cridlan,Male,1981-12-25,2004-08-23,dcridlank4@ezinearticles.com
726,Clemmie,Jex,Male,2014-06-07,1997-02-16,cjexk5@uol.com.br
727,Germana,Stennes,Female,1989-09-27,2008-07-02,gstennesk6@bravesites.com
728,Cullin,Vyel,Non-binary,2004-12-26,1953-07-11,cvyelk7@digg.com
729,Vassili,Ekless,Male,1955-02-25,1993-03-26,veklessk8@nyu.edu
730,Kris,Crowest,Female,1956-08-17,2000-09-01,kcrowestk9@alexa.com
731,Julie,Ullrich,Male,1954-01-03,1965-01-25,
732,Alyse,Tythe,Genderqueer,1980-01-04,1977-07-04,atythekb@jimdo.com
733,Antoine,Bosenworth,Male,1981-03-24,1976-02-26,abosenworthkc@domainmarket.com
734,Ashely,Chinnock,Female,2001-10-12,1990-02-01,
735,Ker,Keeney,Male,2006-07-23,1988-07-01,
736,Rafaelita,Izacenko,Female,2007-12-27,1982-05-29,rizacenkokf@mozilla.org
737,Tom,Witling,Male,1970-01-15,2007-02-17,twitlingkg@moonfruit.com
738,Tucky,Foort,Male,2016-07-27,1978-02-19,tfoortkh@sciencedirect.com
739,Nat,Harget,Male,2023-03-02,1993-04-11,nhargetki@opensource.org
740,Lukas,Valentinetti,Male,2014-02-23,1976-06-12,lvalentinettikj@angelfire.com
741,Harvey,Matthieson,Male,1951-01-28,2001-07-28,hmatthiesonkk@theatlantic.com
742,Talya,Kyles,Female,1989-01-25,2022-02-20,tkyleskl@illinois.edu
743,Dean,Roantree,Polygender,2014-08-07,1950-10-20,droantreekm@msu.edu
744,Stephine,McIlmorie,Bigender,1975-09-20,1954-07-28,smcilmoriekn@globo.com
745,Elbertine,Malshinger,Female,1990-02-16,1970-07-16,emalshingerko@google.pl
746,Clyde,McCloy,Male,1958-07-18,1978-08-14,
747,Hersch,Jennery,Male,2015-10-22,1993-02-28,
748,Reinaldo,Gauthorpp,Male,2008-11-18,1964-04-17,
749,Guglielmo,Selliman,Male,1968-06-26,2017-09-27,gsellimanks@etsy.com
750,Wallie,Wick,Male,1984-05-18,1994-09-12,wwickkt@squarespace.com
751,Sonnie,Revie,Male,1999-05-28,1959-04-21,srevieku@nydailynews.com
752,Sari,Zapata,Non-binary,1988-11-02,2022-06-17,szapatakv@paypal.com
753,Jaclyn,Boakes,Female,1975-12-31,1956-04-19,
754,Agnella,Slemming,Female,1992-10-30,1960-10-03,aslemmingkx@a8.net
755,Anabelle,Kester,Female,2003-10-02,1971-02-10,akesterky@rakuten.co.jp
756,Connor,Mathivat,Male,1973-12-15,2014-10-25,cmathivatkz@ning.com
757,Lauri,Frankis,Female,1986-05-23,1963-05-02,
758,Annamarie,Di Napoli,Female,2003-08-10,1996-03-14,
759,Alf,Soutar,Male,1950-07-28,2015-06-07,asoutarl2@google.es
760,Humfrey,Blakes,Male,1996-12-24,1955-02-03,hblakesl3@senate.gov
761,Bren,Hexum,Male,1990-03-16,1974-02-03,
762,Morgan,Heisham,Female,1962-02-04,1962-06-10,mheishaml5@bizjournals.com
763,Brooke,Furman,Female,1997-04-30,1950-09-17,
764,Marion,Kealey,Female,2013-01-03,1982-02-15,mkealeyl7@sbwire.com
765,Candy,Lowdeane,Female,1965-01-02,1951-01-22,
766,Mariette,Ancliffe,Female,2008-02-19,1971-03-14,
767,Lorant,Everall,Male,1954-09-16,1956-10-13,leverallla@seattletimes.com
768,Dale,Ewart,Female,1962-05-13,2003-08-18,dewartlb@gov.uk
769,Lorilyn,Greger,Female,2020-08-17,1987-02-07,lgregerlc@lycos.com
770,Berke,Gallier,Non-binary,1958-09-20,1965-08-26,bgallierld@amazon.de
771,Gigi,McPhaden,Bigender,1975-01-21,1995-01-23,
772,Kean,Boays,Male,1984-05-16,2016-02-17,kboayslf@e-recht24.de
773,Rich,Thatcham,Male,1951-06-10,2016-06-27,
774,Arnaldo,Bedingfield,Male,2004-07-11,2011-10-21,
775,Benn,Sisley,Male,2012-05-06,1963-12-07,bsisleyli@miitbeian.gov.cn
776,Dory,Scotsbrook,Bigender,2006-02-10,1984-01-22,dscotsbrooklj@vistaprint.com
777,Nealon,Nelthrop,Male,1961-10-06,2001-07-21,
778,Loutitia,Gai,Female,1951-06-27,2021-07-19,lgaill@hp.com
779,Morgan,Scothorne,Male,2016-01-12,1981-01-31,mscothornelm@livejournal.com
780,Benoit,Smetoun,Male,1981-04-05,1952-01-19,bsmetounln@moonfruit.com
781,Kenneth,Hullins,Male,1961-03-04,1952-08-19,khullinslo@auda.org.au
782,Kincaid,Coverdill,Male,1959-03-09,1956-05-03,kcoverdilllp@ameblo.jp
783,Bess,Wickie,Female,2021-04-18,1987-08-16,bwickielq@youtu.be
784,Shannon,Vasishchev,Non-binary,1995-12-30,2017-03-15,
785,Hermie,Ewebank,Male,1975-01-06,1998-12-15,
786,Barbabas,Limb,Male,1972-09-02,2002-07-29,blimblt@admin.ch
787,Lewiss,Gilby,Male,1983-09-30,2010-01-21,lgilbylu@booking.com
788,Ernaline,Deakins,Female,2023-05-17,1986-11-12,edeakinslv@edublogs.org
789,Elmore,Otley,Polygender,1950-10-20,2007-03-17,eotleylw@whitehouse.gov
790,Ferd,Gruszka,Male,1975-10-04,2010-02-14,
791,Aleksandr,Benjafield,Male,1990-10-17,1995-04-04,
792,Mead,Tessier,Male,2015-12-15,1961-12-06,mtessierlz@unicef.org
793,Natalee,Marriage,Female,1988-01-09,2008-08-24,nmarriagem0@wikia.com
794,Cally,Ziem,Female,2005-04-09,1978-11-10,cziemm1@chron.com
795,Ashly,Rannigan,Female,2006-09-26,1989-02-04,aranniganm2@domainmarket.com
796,Urson,Kinloch,Male,1985-06-16,1997-04-02,ukinlochm3@sitemeter.com
797,Rosaleen,de Quesne,Female,1974-04-28,1997-10-07,
798,Clarke,Gabriely,Male,1976-10-12,1996-08-01,
799,Alyss,Issacoff,Female,1994-01-12,1976-05-09,
800,Corina,Cashen,Female,1996-04-09,1961-04-07,ccashenm7@hc360.com
801,Marietta,Paybody,Female,1957-05-15,2011-08-22,mpaybodym8@mozilla.org
802,Anny,Harrald,Female,1988-09-27,1992-04-11,aharraldm9@delicious.com
803,Maryrose,Vannini,Female,1957-07-20,1951-01-20,
804,Queenie,Lorenz,Female,2003-11-22,2021-02-05,
805,Jesse,Arnhold,Male,2021-06-22,2006-06-19,jarnholdmc@themeforest.net
806,Vail,Comello,Male,1994-10-07,1952-07-10,vcomellomd@dot.gov
807,Nathanael,Mordan,Male,2016-06-14,1979-02-15,
808,Carlyn,Duckitt,Female,1967-07-27,1982-04-09,cduckittmf@epa.gov
809,Nata,Hanfrey,Female,1964-04-24,1989-02-07,nhanfreymg@digg.com
810,Ambrosius,Cortes,Agender,2019-12-07,2010-06-09,acortesmh@virginia.edu
811,Jamill,Donald,Polygender,1985-02-11,1994-10-20,jdonaldmi@cnbc.com
812,Edythe,MacMeanma,Agender,1995-04-06,1990-06-18,
813,Killie,Matyukon,Male,1970-06-26,2022-05-12,
814,Trista,Ilyukhov,Female,2010-07-07,1983-03-03,tilyukhovml@aol.com
815,Michelle,Pidgeley,Female,2007-05-17,1973-01-02,mpidgeleymm@clickbank.net
816,Alina,Le Grys,Female,1964-12-21,1986-03-22,alegrysmn@bloomberg.com
817,Nealy,Rosenkrantz,Male,1959-11-10,2014-06-11,nrosenkrantzmo@cloudflare.com
818,Stormie,Elsy,Female,1951-04-30,2008-06-13,selsymp@mac.com
819,Bernie,Scollick,Male,2010-12-03,1969-03-20,bscollickmq@columbia.edu
820,Ronny,Olyfat,Female,2007-12-31,2010-10-12,rolyfatmr@omniture.com
821,Charyl,Elwin,Female,1969-01-18,1989-04-10,celwinms@360.cn
822,Lu,Demaine,Female,1965-06-12,1975-08-18,
823,Timothy,Eakin,Male,1970-09-15,1986-06-18,teakinmu@bbb.org
824,Chrissie,Thorlby,Male,1972-12-03,1997-07-23,
825,Nessie,O'Lunney,Female,1956-08-09,2013-11-26,nolunneymw@ning.com
826,Pepita,MacAvddy,Female,2005-09-21,2012-10-31,pmacavddymx@jiathis.com
827,Grove,Sabathier,Male,1974-04-19,2018-09-18,
828,Yale,Finlaison,Bigender,1995-05-26,2014-02-04,yfinlaisonmz@nydailynews.com
829,Gina,Reihm,Female,1968-12-14,2009-08-22,greihmn0@bigcartel.com
830,Beverie,Imesson,Female,1990-09-24,1983-02-21,bimessonn1@slashdot.org
831,Mariejeanne,Sinnocke,Female,2013-04-23,2007-05-25,
832,Caryn,Stonehewer,Female,1954-08-03,2005-10-06,cstonehewern3@etsy.com
833,Shandra,Baldin,Non-binary,1968-03-15,1983-02-11,sbaldinn4@bigcartel.com
834,Lou,Shirlaw,Male,2010-05-12,1978-12-16,
835,Toddie,Allworthy,Male,1989-05-31,1985-10-30,tallworthyn6@businesswire.com
836,Erik,Leaman,Male,2008-08-07,2017-06-12,eleamann7@engadget.com
837,Frederic,Penbarthy,Male,2006-06-27,2012-07-11,
838,Erik,Fillon,Male,2020-02-07,2011-03-18,efillonn9@yellowpages.com
839,Natividad,Moatt,Female,2021-10-03,2004-04-10,
840,Koressa,Glisane,Female,2004-03-26,1962-09-20,kglisanenb@google.co.uk
841,Lind,Fowles,Male,1989-03-09,1998-05-24,lfowlesnc@chronoengine.com
842,Gerhard,Prenty,Male,1985-02-21,2023-03-04,gprentynd@theatlantic.com
843,Mason,Dowdell,Male,1955-06-02,1984-04-30,mdowdellne@blog.com
844,Lonnard,Cullotey,Bigender,2002-04-24,2005-05-21,lculloteynf@utexas.edu
845,Cosetta,Dory,Female,1970-10-04,1965-05-20,cdoryng@cornell.edu
846,Maggi,Hawkyens,Female,1983-04-25,1991-10-05,mhawkyensnh@china.com.cn
847,Blake,Beavers,Female,1963-09-22,2001-06-01,bbeaversni@simplemachines.org
848,Tobiah,Jandac,Male,2017-01-08,2007-06-27,tjandacnj@dagondesign.com
849,Brianne,Clubb,Female,2011-01-14,1960-06-02,
850,Roosevelt,Wych,Male,1998-08-12,1970-01-19,rwychnl@list-manage.com
851,Fergus,Rawlison,Male,2023-03-27,1990-02-09,frawlisonnm@infoseek.co.jp
852,Alidia,MacNalley,Polygender,2007-10-15,2022-01-28,amacnalleynn@ameblo.jp
853,Adrian,Duiguid,Female,2006-02-13,2018-06-01,
854,Nora,Twinn,Female,1978-01-14,1995-06-15,ntwinnnp@thetimes.co.uk
855,Kaine,Twigg,Male,1953-02-06,2000-11-26,ktwiggnq@homestead.com
856,Rafaela,Mainds,Female,1996-11-30,2015-04-12,
857,Shaylah,Lawful,Female,1973-06-25,1988-06-04,slawfulns@weibo.com
858,Ninnetta,Lie,Female,2004-09-02,1983-08-26,nlient@blogger.com
859,Chere,Gerckens,Female,2020-07-28,1980-10-30,cgerckensnu@redcross.org
860,Issie,Ashfold,Female,2010-12-11,1997-12-08,iashfoldnv@yahoo.com
861,Joel,Gercken,Male,1985-08-23,1993-05-04,
862,Mikey,Renish,Male,1951-12-20,1980-05-17,mrenishnx@github.io
863,Opaline,Jerwood,Female,1985-03-13,2008-06-16,
864,Tori,Coiley,Female,1960-08-30,1960-12-24,tcoileynz@jiathis.com
865,Zacherie,Cargill,Male,1963-08-14,1987-03-12,zcargillo0@netlog.com
866,Clementia,Shelley,Polygender,1962-09-28,2018-12-04,cshelleyo1@psu.edu
867,Blanch,Bettaney,Female,1972-04-07,1996-02-05,
868,Kassey,Nickoll,Female,1996-10-11,1962-09-14,
869,Xenos,Webling,Male,1993-10-07,1999-05-26,xweblingo4@bizjournals.com
870,Tessy,Sturm,Female,1979-01-27,1994-11-08,tsturmo5@businessweek.com
871,Oswald,Goor,Male,2022-01-06,2013-08-24,
872,Ewell,Balharrie,Male,1998-01-27,1982-09-27,
873,Gustavus,Trudgeon,Male,1955-02-01,1999-06-24,gtrudgeono8@princeton.edu
874,Maggy,Bloore,Female,1978-01-06,1994-10-24,mblooreo9@stanford.edu
875,Hermie,Howerd,Male,1976-08-16,1968-12-11,
876,Bondie,Meikle,Male,1966-06-06,2009-04-18,
877,Fiann,Tuffs,Bigender,1962-05-16,2022-10-03,
878,Andriana,Wilmut,Female,1956-11-14,2020-11-23,awilmutod@cdc.gov
879,Lezlie,Klejin,Agender,2020-11-09,2014-01-11,
880,Jean,Coop,Female,2020-11-27,1979-04-29,jcoopof@weibo.com
881,Alma,Batterham,Female,1988-06-04,1953-09-09,abatterhamog@meetup.com
882,Franchot,Antonacci,Male,1952-04-11,1969-05-21,fantonaccioh@whitehouse.gov
883,Chilton,Boarleyson,Male,1963-09-03,1983-12-06,cboarleysonoi@livejournal.com
884,Ruddie,Aliman,Male,1980-10-22,1969-08-04,
885,Norbie,Salisbury,Male,1972-09-07,2022-03-22,nsalisburyok@1688.com
886,Christy,Coslett,Male,1981-01-21,2003-06-20,
887,Murdoch,Nitti,Polygender,1991-04-10,1988-04-09,
888,Stanford,Spottiswoode,Male,2016-12-09,2018-01-15,sspottiswoodeon@webnode.com
889,Raynell,Oman,Female,2000-01-13,2021-12-13,romanoo@eventbrite.com
890,Lucinda,Kirkam,Female,2021-05-14,2003-01-01,lkirkamop@g.co
891,Lombard,Fouldes,Male,2000-02-13,1959-06-09,lfouldesoq@homestead.com
892,Alastair,Orlton,Male,1970-07-12,1961-08-14,
893,Abbi,Covert,Female,2000-09-19,1992-01-09,acovertos@stanford.edu
894,Flory,Banfill,Male,1972-06-02,1968-06-12,
895,Abbey,Feak,Male,1984-05-19,1985-08-21,afeakou@bloomberg.com
896,Roze,Vipan,Female,1980-11-26,1951-11-02,
897,Kenna,Gofforth,Female,1976-11-29,1984-02-03,kgofforthow@sogou.com
898,Liza,Griswood,Female,1973-02-06,1959-12-17,lgriswoodox@weather.com
899,Cassy,Lamming,Female,1989-12-12,1991-10-10,clammingoy@dion.ne.jp
900,Chiquita,Studdert,Female,2018-08-01,2021-04-09,
901,Nefen,Sapsed,Non-binary,1997-03-27,1964-03-17,nsapsedp0@google.com.br
902,Erskine,Dunckley,Male,1978-04-27,1980-04-25,edunckleyp1@msu.edu
903,Carlyle,Mechic,Male,2010-09-28,1993-03-08,cmechicp2@timesonline.co.uk
904,Flemming,Guthrie,Male,2021-05-25,2008-10-30,fguthriep3@usda.gov
905,Teodor,Gogerty,Male,2007-03-04,2005-02-06,tgogertyp4@springer.com
906,Arch,Dobsons,Male,1971-03-28,1995-02-03,
907,Maryellen,Akett,Female,1964-08-05,1998-11-24,makettp6@cargocollective.com
908,Hazlett,Coppard,Male,2011-08-01,2021-04-29,hcoppardp7@nps.gov
909,Hermie,Dragonette,Non-binary,2002-08-16,2005-04-07,hdragonettep8@state.tx.us
910,Brook,Spalton,Male,1994-03-28,1984-09-15,bspaltonp9@freewebs.com
911,Austina,Stayt,Bigender,1963-09-20,1965-02-20,astaytpa@springer.com
912,Jessamine,Acott,Female,1984-07-19,1991-07-09,jacottpb@topsy.com
913,Bree,Szimoni,Non-binary,2004-04-19,2007-01-06,bszimonipc@yahoo.co.jp
914,Laurice,Fluck,Female,1988-01-29,2006-04-15,lfluckpd@irs.gov
915,Ibrahim,Rijkeseis,Male,2008-03-04,1993-06-02,
916,Debbie,Brandin,Female,1978-01-16,2005-01-03,dbrandinpf@skype.com
917,Nowell,Goldster,Male,1982-01-23,1983-12-03,
918,Gerhardine,Rosenberger,Female,1965-01-20,1973-02-01,grosenbergerph@uiuc.edu
919,Lev,Meier,Male,1960-11-22,2013-05-28,lmeierpi@blogger.com
920,Willi,Hulburt,Male,2005-12-06,1965-02-11,
921,Roderich,Gergus,Male,1953-06-27,1967-03-08,rgerguspk@ovh.net
922,Ansley,Codman,Female,2006-12-15,2017-12-03,
923,Ram,Heatley,Male,2009-12-06,1962-12-08,rheatleypm@multiply.com
924,Vivien,Jeremaes,Female,1991-09-16,2010-06-02,vjeremaespn@examiner.com
925,Tull,Huscroft,Male,2014-06-22,1965-07-08,
926,Glenn,Elgram,Male,1975-06-20,1999-01-04,gelgrampp@tripadvisor.com
927,Diane-marie,Neumann,Female,2018-07-21,1962-11-29,dneumannpq@a8.net
928,Allix,Palfreeman,Female,1971-10-14,2021-12-10,
929,Carny,Lillgard,Male,1969-03-15,1965-06-26,clillgardps@exblog.jp
930,Kristos,Hindshaw,Male,1983-02-20,1983-11-14,
931,Florie,Crapper,Female,1979-05-10,1969-12-11,fcrapperpu@mtv.com
932,Wandis,Zorzetti,Female,1964-12-30,2021-10-19,
933,Wilona,Breacher,Female,2007-05-04,1974-07-15,
934,Merrile,Hammerton,Female,1985-11-28,1983-09-05,mhammertonpx@sourceforge.net
935,Archambault,Puddifer,Male,2009-11-24,1959-07-09,apuddiferpy@ask.com
936,Normy,Iacobucci,Male,2000-01-04,2002-01-30,niacobuccipz@github.io
937,Dallon,Pyson,Male,2013-09-29,1986-04-29,
938,Candi,Braundt,Female,1971-01-25,1998-12-09,cbraundtq1@ihg.com
939,Vernon,Alleyn,Male,1978-12-15,1976-06-02,
940,Alessandro,Mateja,Male,1982-04-24,1990-04-29,amatejaq3@usda.gov
941,Rhianon,Langabeer,Female,2003-04-05,1960-01-27,rlangabeerq4@google.fr
942,Morganne,Lathey,Female,1986-10-01,2022-01-12,
943,Irv,Missenden,Male,2019-01-18,2011-09-15,imissendenq6@imageshack.us
944,Consuela,Digger,Female,1987-04-10,1970-09-06,
945,Abelard,Joubert,Male,1963-12-11,2021-02-01,ajoubertq8@wsj.com
946,Barnie,Mathiot,Male,1981-04-17,2020-03-28,
947,Maressa,Schistl,Female,1971-02-17,1956-01-17,mschistlqa@whitehouse.gov
948,Jeremie,Thurlborn,Male,2016-07-09,1957-02-20,jthurlbornqb@tripod.com
949,Kelila,Cretney,Female,1978-04-13,1969-02-28,
950,Hildy,McPherson,Female,1974-06-14,1990-09-14,hmcphersonqd@unesco.org
951,Tome,Notley,Bigender,2014-11-07,1966-10-13,
952,Jess,Poyzer,Male,1969-02-16,1993-06-21,jpoyzerqf@irs.gov
953,Brandon,Kramer,Agender,1985-01-06,2005-06-02,bkramerqg@dell.com
954,Chiarra,Goymer,Female,2016-06-01,2009-08-25,cgoymerqh@time.com
955,Pate,Heater,Non-binary,1986-09-09,2015-07-01,pheaterqi@salon.com
956,Codie,Seagar,Male,1970-05-11,1973-07-18,cseagarqj@ucla.edu
957,Adoree,Dugget,Female,1986-12-01,1963-02-28,aduggetqk@sourceforge.net
958,Rita,Barzen,Female,1975-11-14,1994-03-06,rbarzenql@japanpost.jp
959,Kalinda,Melbert,Female,1982-01-22,1975-07-01,kmelbertqm@zdnet.com
960,Berk,Dederich,Male,1950-09-09,2022-06-26,bdederichqn@gizmodo.com
961,Tina,Clitsome,Female,1992-08-10,1996-06-10,
962,Ivan,Eagle,Male,1957-02-28,1979-01-13,
963,Elsie,Robottom,Female,1986-08-22,1956-08-13,erobottomqq@state.tx.us
964,Gertie,Euels,Female,2019-04-24,1994-04-13,
965,Ogdon,Ivens,Male,1962-04-12,2017-04-09,oivensqs@51.la
966,Sayre,Maggi,Male,1966-09-16,2004-10-18,smaggiqt@ihg.com
967,Sigvard,Santorini,Male,1957-06-25,2001-03-02,
968,Jerrylee,Janew,Female,2019-08-05,1981-08-23,jjanewqv@cocolog-nifty.com
969,Darby,Bloore,Female,1983-06-28,1967-08-04,dblooreqw@printfriendly.com
970,Haily,Deluce,Female,2014-06-23,1964-12-30,hdeluceqx@woothemes.com
971,Evanne,Somerbell,Female,2004-07-31,2016-12-14,esomerbellqy@paypal.com
972,Thurstan,Morgon,Male,1969-04-13,2015-08-04,tmorgonqz@surveymonkey.com
973,Ailene,Primett,Female,1967-08-01,2005-11-08,aprimettr0@homestead.com
974,Lennie,Prin,Male,1971-06-26,1962-04-02,
975,Noam,Stiegar,Male,2001-08-28,1973-11-13,nstiegarr2@163.com
976,Julee,Llorente,Female,2001-04-08,1993-04-04,jllorenter3@themeforest.net
977,Grady,Alyoshin,Male,1989-11-23,2020-11-13,galyoshinr4@deliciousdays.com
978,Beniamino,Cobelli,Male,2005-11-21,2001-02-26,bcobellir5@epa.gov
979,Talbot,Beech,Male,2011-02-04,1994-02-12,
980,L;urette,Bagshawe,Female,1955-12-06,2019-01-20,lbagshawer7@soup.io
981,Juliann,Stentiford,Female,1996-11-12,1978-02-02,
982,Benny,Shrive,Bigender,2013-04-16,1979-05-04,bshriver9@harvard.edu
983,Koressa,Kimmons,Female,2022-04-19,1957-06-17,kkimmonsra@weather.com
984,Maisey,Skowcraft,Female,1999-01-31,1999-06-29,mskowcraftrb@soup.io
985,Fred,Petrik,Male,2001-10-08,1967-05-30,fpetrikrc@sitemeter.com
986,Dedie,Bubbins,Female,1996-03-15,1991-08-18,dbubbinsrd@alexa.com
987,Zandra,Ebbett,Female,1975-10-24,1974-05-05,zebbettre@comsenz.com
988,Graeme,Leighfield,Male,1978-02-03,2007-07-29,gleighfieldrf@skype.com
989,Even,Bunton,Male,2010-03-07,1970-08-12,ebuntonrg@weibo.com
990,Hollis,Joul,Male,1961-05-06,1950-08-10,hjoulrh@ebay.co.uk
991,Nicola,Kasbye,Female,2013-02-04,2010-12-29,
992,Ebonee,Prandoni,Female,2007-01-11,1951-01-02,
993,Bernardo,Franceschielli,Genderfluid,2013-01-04,2000-05-11,bfranceschiellirk@nasa.gov
994,Claus,Packham,Male,1978-02-22,1960-11-13,cpackhamrl@indiatimes.com
995,Richard,Plumer,Male,1967-03-27,1953-11-03,rplumerrm@bloomberg.com
996,Arabela,Wudeland,Female,1962-09-14,2022-11-13,awudelandrn@whitehouse.gov
997,Doralynne,Menhci,Female,2019-11-11,1956-08-17,dmenhciro@amazonaws.com
998,Roseline,McCaighey,Female,1975-01-18,1997-06-08,rmccaigheyrp@home.pl
999,Nan,Bartleet,Female,2000-02-28,1998-01-05,
1000,Luther,Kelleway,Male,1987-11-08,2001-08-23,lkellewayrr@bing.com
